Sequence	Count	Obs/Exp Overall	Obs/Exp Max	Max Obs/Exp Position
CTGGG	295	4.6125402	22.202738	16
AAAAA	2215	4.039891	8.417198	49
GGGAG	220	3.4255748	22.110529	47
CCTGC	200	3.2948277	17.544956	7
CCAGC	190	3.1995673	17.934416	17
CTGCC	190	3.1300864	17.544958	56
CTCTG	340	3.123027	13.043231	41
TGGGG	205	3.1226966	21.630386	70
GGCTG	195	3.0489674	22.202738	62
GCCTC	185	3.0477154	17.544956	4
GGAGG	195	3.0363052	11.055265	46
CCCAG	180	3.0311687	11.956277	10
TTCCA	545	2.9286306	13.35348	17
GCTGG	185	2.89261	16.652054	9
CCTCC	170	2.8747094	12.006139	9
GCCCC	95	2.806934	20.978138	1
GGTGG	180	2.74188	10.815193	7
GGGGC	100	2.7320068	19.39725	3
CCTGG	170	2.7284083	17.092676	11
TGGGA	305	2.717985	12.654224	12
CAGCC	160	2.6943724	11.956278	1
GGGGG	100	2.6615798	28.345827	48
CAGAG	275	2.571325	9.958041	56
GGGCA	160	2.557249	17.02169	66
CTCCT	270	2.5456743	13.388362	49
GGGGA	160	2.4913273	38.693428	71
GCTGC	155	2.4876666	17.092676	70
TCCTG	270	2.4800508	13.043231	67
GAGGC	155	2.4773352	11.347795	34
CCAGG	150	2.4608583	17.472094	69
TGCCT	265	2.4341238	13.04323	12
TCCAG	255	2.3942633	13.332759	14
CTGCT	260	2.388197	9.782422	5
CTCAG	250	2.3473167	13.332759	47
TGGGC	150	2.3453598	16.652056	17
CCATT	435	2.3375309	9.5382	1
AGAGG	255	2.322856	9.701339	16
GGCAG	145	2.317507	11.347795	23
CCCTG	140	2.3063796	11.696639	18
CTGCA	245	2.3003705	9.99957	8
GAAGA	430	2.2915103	7.567313	2
GCCCA	135	2.2733765	17.934414	49
AGAAG	425	2.264865	7.567313	23
ATTCC	420	2.2569263	9.5382	16
CACTG	240	2.2534242	13.332759	6
CCCCA	130	2.2471044	12.272647	42
CCCAC	130	2.2471044	18.40897	15
GCCTG	140	2.2469244	11.395117	3
GCCAG	135	2.2147722	17.472094	16
GTGGG	145	2.2087367	10.815193	19
TGCTG	245	2.1924043	12.706995	9
CTGTG	245	2.1924043	12.706995	55
TTCCT	415	2.181631	9.331073	17
CATTC	405	2.1763217	7.6305604	15
TGGCC	135	2.1666772	11.395118	40
CACAG	225	2.1594799	10.221538	35
TCTGC	235	2.158563	9.782423	30
GACAG	230	2.1505632	9.958043	41
TCCAT	400	2.1494536	7.6305604	13
AGAGA	400	2.1316376	5.675485	6
CTCCC	125	2.113757	12.006139	12
GGGCC	75	2.103223	19.910511	22
TTTCC	400	2.102777	7.464858	16
TTTCT	715	2.0957205	5.202663	1
AGGAG	230	2.0951247	9.701338	55
TGGTG	240	2.0922978	9.284572	53
CCACC	120	2.0742502	12.272647	5
TGCCC	125	2.0592675	11.696639	12
ACAGA	375	2.051289	7.767548	48
CAGGC	125	2.0507152	11.648062	42
GAGGA	225	2.049579	9.701339	18
TGTGG	235	2.0487084	9.284572	33
GGGCT	130	2.032645	16.652054	55
TCCCC	120	2.0292065	12.006139	18
CAGAA	370	2.0239384	5.8256607	11
CCACT	210	2.0239196	10.264164	35
GTCTC	220	2.020782	9.782422	37
CCTGA	215	2.0186925	9.99957	21
CAGTG	220	2.01239	6.4945307	5
AGAAA	645	2.0108716	7.747312	19
TTGGG	230	2.0051188	12.379429	56
TCTCT	380	1.9976381	7.464858	21
TCTCA	370	1.9882445	7.6305604	46
CACCC	115	1.9878231	12.272647	17
GAGAA	370	1.9717646	7.5673122	6
CAGCT	210	1.9717461	9.99957	49
TTCTC	375	1.9713532	9.331072	13
CAGCA	205	1.967526	10.221538	13
CTGAG	215	1.9666538	9.7417965	64
CTTCC	205	1.9328269	10.041271	16
CTGGC	120	1.9259354	17.092676	61
CCATG	205	1.9247998	9.99957	10
CTTGG	215	1.9239467	6.3534985	6
CAGGA	205	1.9168061	9.958042	56
TTCTG	370	1.8949276	7.2724247	11
CCTTC	200	1.8856847	10.041271	11
CCTCT	200	1.8856847	10.041271	24
CTGTC	205	1.8830014	13.04323	13
TGCCA	200	1.8778535	9.99957	48
CACAC	190	1.871813	10.492005	36
GAGGG	120	1.8684955	11.055265	9
GGAGA	205	1.8673941	9.701339	2
TTTTG	645	1.8418099	6.082256	34
AGGGC	115	1.838023	17.021692	45
GCAGG	115	1.8380227	11.347794	12
TCCCA	190	1.8311658	10.264165	51
AGCTG	200	1.8294456	16.236328	53
TGCAG	200	1.8294454	9.7417965	28
GAGAG	200	1.8218477	9.701338	5
TTTTC	615	1.8026129	5.202663	37
TTTGG	360	1.7961855	5.313716	50
TCTGT	350	1.7924992	7.272425	39
GCTCT	195	1.7911477	13.04323	13
TGCTC	195	1.7911477	13.04323	12
AGGGG	115	1.7906415	16.582897	70
GTGGT	205	1.7871712	6.189715	34
GCACA	185	1.7755723	10.221538	60
ATTTT	1060	1.77077	5.337368	27
GCCAC	105	1.7681818	11.956277	32
GGCCT	110	1.7654408	11.395118	3
GAAAA	565	1.7614613	6.640553	5
TCCTT	335	1.7610757	5.5986433	18
GAAAG	330	1.7586011	5.675485	9
AAGAG	330	1.7586011	7.567313	49
TGGAA	335	1.7464786	5.552238	37
ACACA	310	1.7406023	5.9798107	49
AGGCT	190	1.7379731	16.236326	62
TGGAG	195	1.7377279	6.3271117	7
CCCAT	180	1.7347883	10.264164	44
GGAAG	190	1.7307553	9.701338	32
GCAGA	185	1.7298007	9.958042	33
GCAGC	105	1.7226007	11.648062	46
AGGAA	320	1.70531	5.675484	11
TTGGC	190	1.7002318	9.530247	47
TCCTC	180	1.6971163	10.041271	50
ATGGA	325	1.6943449	7.402984	17
TGAGA	325	1.6943449	9.25373	5
CATGG	185	1.6922369	9.741796	1
CCCTC	100	1.6910055	12.006139	8
CCCCT	100	1.6910055	12.006139	4
AGCCT	180	1.6900682	6.6663804	2
CCTCA	175	1.6865997	13.685553	45
GGGAA	185	1.6852092	9.701338	30
GGCTC	105	1.6851934	17.092676	47
AGCCC	100	1.6839827	5.978139	2
AGCCA	175	1.6795955	6.814359	36
CAGGG	105	1.6781946	17.02169	44
CATTT	560	1.6778388	6.381779	2
CCACA	170	1.6747801	6.99467	12
CAAAG	305	1.6683818	9.7094345	64
CTTTT	565	1.6560587	7.283727	7
TCTGG	185	1.655489	9.530248	5
GGAAA	310	1.652019	7.5673122	70
TCTCC	175	1.6499741	13.388362	48
CTCTC	175	1.6499741	10.041271	65
TTCCC	175	1.6499741	10.041271	42
GGCAT	180	1.6465008	6.4945307	1
AAGAA	525	1.6367561	6.640553	22
AGAGC	175	1.6362981	6.6386952	3
GAGCA	175	1.636298	13.27739	44
CCAGA	170	1.6316069	10.221538	45
GCAAA	295	1.6136806	5.8256607	15
TGGCT	180	1.610746	6.3534985	6
TCAGG	175	1.6007649	6.4945316	13
AAAGG	300	1.5987281	9.459141	65
CTCCA	165	1.5902228	6.842777	10
AGCAG	170	1.5895467	6.6386952	32
TTTGC	310	1.5876423	9.090532	20
CTCAT	295	1.585222	5.7229204	15
CAAAA	495	1.5840617	6.8162656	37
GGCCC	55	1.5831757	10.218678	2
CCTTG	170	1.5615134	6.521615	1
AGGTG	175	1.5594994	9.490667	24
GATGG	175	1.5594994	9.490667	16
GGCCA	95	1.5585437	11.648064	22
GGCAC	95	1.5585436	17.472094	59
TCCCT	165	1.5556899	6.694181	5
CCTTT	295	1.5507978	7.464857	6
TCAGC	165	1.5492293	9.999571	48
ACCTG	165	1.5492291	6.6663795	18
AGGGA	170	1.5485706	6.4675593	15
AAGGG	170	1.5485706	9.701339	69
AAAGA	495	1.543227	5.5337934	34
CACTC	160	1.542034	13.685553	26
TCTTT	525	1.5388155	6.2431946	4
AAACA	480	1.5360599	5.680221	38
AGCAA	280	1.5316292	5.8256607	14
CACCA	155	1.5270054	10.492005	50
CCCCC	50	1.5164249	10.766617	3
TTGCC	165	1.5155865	9.782422	21
GAGTG	170	1.5149423	9.490667	20
AAAAG	485	1.5120509	5.533794	6
TGGCA	165	1.5092925	6.4945307	3
TCACC	155	1.4938457	6.842777	28
TCCAC	155	1.4938455	6.8427763	11
CATCC	155	1.4938455	6.8427763	1
TTGCA	285	1.4920062	5.575392	2
CCAAG	155	1.4876416	6.814358	49
TGAAG	285	1.48581	5.552238	23
GCTTT	290	1.4852135	5.4543185	2
GCTCC	90	1.4826726	11.696639	48
TGGGT	170	1.4820445	6.189715	2
ACCCA	150	1.4777472	10.492005	14
AACAG	270	1.4769281	5.8256607	3
CTTCT	280	1.4719439	7.464858	16
CTGAA	275	1.4716123	7.5988708	41
TGCAA	275	1.4716123	7.5988708	25
GGTGA	165	1.4703852	9.490668	25
GTGAG	165	1.4703851	9.490667	27
GCATG	160	1.4635563	9.7417965	2
CAGGT	160	1.4635563	6.4945307	12
GAATG	280	1.4597433	5.552238	27
CTTTG	285	1.4596064	5.4543185	36
GTTTT	510	1.4563144	5.0685453	32
AGGCA	155	1.4492924	9.958042	67
TCTTC	275	1.445659	11.197286	15
ACAGT	270	1.4448557	5.699153	33
GTGTG	165	1.4384547	6.1897144	35
GCTGT	160	1.4317743	12.706997	54
TGGTC	160	1.4317741	12.706995	50
CACAT	260	1.4281583	5.8499556	3
TGTGA	280	1.428044	5.4316673	56
GGAGT	160	1.4258281	9.490668	37
ATGGG	160	1.425828	9.490667	69
AAATG	465	1.4182171	5.413624	61
ACTGG	155	1.4178201	6.49453	31
CCCTT	150	1.4142635	6.694181	3
AAGGA	265	1.41221	5.675485	7
TGTCT	275	1.4083921	7.2724247	10
ATGCC	150	1.40839	6.6663795	6
GGTGC	90	1.407216	11.10137	27
GTGGC	90	1.407216	11.10137	52
GGACA	150	1.402541	9.958042	9
ACAGG	150	1.402541	9.958042	11
GTCCC	85	1.4003018	11.696639	41
CTCAC	145	1.3974683	6.8427763	3
CACCT	145	1.3974683	10.264164	36
AAAGC	255	1.3948766	7.767548	66
GAGCC	85	1.3944863	11.648062	58
CTTTC	265	1.3930895	7.464857	70
CATTG	265	1.3873042	7.4338565	17
GTCTG	155	1.3870312	9.530247	10
ATGAA	450	1.372468	6.4963484	3
TGTTT	480	1.3706489	5.0685453	68
TGCAC	145	1.3614438	6.6663795	21
TTCAG	260	1.3611286	7.4338565	52
TGCTT	265	1.3571779	7.2724247	30
CTGTT	265	1.3571779	5.4543185	12
GAGAT	260	1.3554759	5.552238	9
CAACA	240	1.347563	5.9798107	33
TGGTT	270	1.347139	7.0849533	57
CATCT	250	1.3434085	5.7229204	43
CTCTA	250	1.3434085	7.6305604	22
GGTCT	150	1.3422884	6.3534985	9
AGACA	245	1.3401755	7.767548	38
AAGCA	245	1.3401755	5.8256607	19
CATGA	250	1.3378292	7.59887	47
TGAGG	150	1.3367138	9.490667	4
TAGAG	255	1.329409	5.552238	46
GCTGA	145	1.326348	9.7417965	63
GGTTT	265	1.322192	7.0849533	66
GAAGG	145	1.3208396	9.701339	28
CACAA	235	1.3194889	7.973081	15
ACTCA	240	1.3183	5.8499556	19
GACTC	140	1.3144976	6.6663804	26
CCAGT	140	1.3144975	6.6663795	18
CATGC	140	1.3144975	13.332759	34
GCTCA	140	1.3144975	9.99957	71
AAAAC	410	1.312051	5.680221	55
TCTGA	250	1.3087776	5.5753922	12
AGATG	250	1.3033422	7.402984	27
TCATT	435	1.3033211	5.3181496	54
ACTCC	135	1.3010912	6.8427763	27
TTGAG	255	1.3005401	7.242223	3
GTGCT	145	1.2975454	6.3534985	6
AACAA	405	1.2960504	5.680221	40
ACAGC	135	1.2956879	6.814358	13
GTGGA	145	1.2921567	6.327112	13
GGATG	145	1.2921566	12.654223	20
CCAAA	230	1.2914146	5.9798107	58
ATCCA	235	1.2908354	5.8499556	10
CTCTT	245	1.2879509	5.5986433	1
GTTCC	140	1.2859522	9.782422	49
TCAGA	240	1.2843162	7.5988708	65
GTGCC	80	1.2839569	11.395118	70
ATGCT	245	1.282602	5.5753922	26
TGCAT	245	1.282602	5.5753922	1
ACCAC	130	1.2807143	6.99467	4
CTGGA	140	1.2806118	6.4945307	10
GATGC	140	1.2806118	9.7417965	28
GGAGC	80	1.2786247	5.6738973	16
TTGTG	255	1.272298	7.0849533	38
TTGGT	255	1.272298	7.0849533	49
ACTGC	135	1.2675511	6.6663795	7
GTTGG	145	1.2640966	6.1897144	15
TCACA	230	1.2633709	5.849956	41
CAAGA	230	1.258124	5.8256607	35
GAACA	230	1.258124	5.8256607	13
GTTTC	245	1.2547493	5.4543185	24
ACCCT	130	1.2529026	6.8427763	38
CCATC	130	1.2529026	10.264164	70
GGAAT	240	1.2512084	5.552238	31
AAGCC	130	1.2476995	6.814359	11
GCCAA	130	1.2476993	13.6287155	23
AGTGG	140	1.2475995	6.3271117	3
GCCTT	135	1.2400254	6.521615	10
CTCAA	225	1.2359062	5.8499556	44
GCCCT	75	1.2355603	11.696638	24
CCCAA	125	1.2314559	6.99467	10
CAGTT	235	1.2302508	7.4338565	40
CATGT	235	1.2302507	7.4338555	19
ACTGT	235	1.2302507	5.575392	4
TGTGT	245	1.2224039	5.313715	36
AGCTC	130	1.2206049	9.999571	38
GAAGC	130	1.2155358	9.958043	30
GAGAC	130	1.2155356	6.638695	30
AGGAC	130	1.2155356	9.958042	44
TCATC	225	1.2090678	5.722921	23
ACCAT	220	1.2084416	7.7999406	32
GGCTT	135	1.2080595	9.530248	1
CCTAC	125	1.2047141	6.8427763	14
GCATT	230	1.2040753	5.5753922	26
GAAAC	220	1.203423	5.8256617	20
AGCAC	125	1.1997111	6.814359	1
CAGAC	125	1.199711	6.814358	33
TTTGT	420	1.199318	5.068547	37
GTGAA	230	1.1990747	5.552238	20
AGTGA	230	1.1990747	5.552238	42
GGGAC	75	1.1987104	17.02169	13
TATGG	235	1.198537	5.4316673	48
AGTGT	235	1.198537	5.4316673	18
ATTCT	395	1.1834756	5.3181496	37
CACTT	220	1.1821995	5.7229204	40
AGTCT	225	1.1778997	7.4338565	16
TCATG	225	1.1778997	7.4338565	46
CTAGA	220	1.1772898	7.5988708	53
ATGCA	220	1.1772898	5.699153	22
GGTTG	135	1.1769176	6.1897144	58
AAGAC	215	1.1760726	5.8256617	30
CTGAC	125	1.1736584	9.99957	13
GTGAT	230	1.1730361	7.242223	69
GAAGT	225	1.1730081	5.5522385	49
AAGTG	225	1.173008	5.552238	51
AATGG	225	1.173008	5.552238	20
CTGGT	130	1.1633166	6.3534985	12
TGTGC	130	1.1633165	6.3534975	5
GGGAT	130	1.1584852	6.3271112	4
CTTCA	215	1.1553313	5.7229204	48
ACTCT	215	1.1553313	5.7229204	11
ACACT	210	1.1535125	5.8499556	9
TTTGA	395	1.1529675	5.1810565	22
AAGCT	215	1.1505334	5.6991534	23
TCAAG	215	1.1505333	5.699153	8
ACATT	375	1.148493	5.4362	35
GGACC	70	1.1484004	11.648062	32
TGATG	225	1.1475353	5.4316673	21
ATGGT	225	1.1475353	7.242223	65
AGTAG	220	1.1469411	5.552238	26
TGGAC	125	1.1434034	9.7417965	21
GAGCT	125	1.1434034	9.7417965	18
ATGGC	125	1.1434034	6.4945307	18
TGAGC	125	1.1434034	9.7417965	28
GGGTG	75	1.1424499	10.815192	63
CCTAG	120	1.1267121	6.6663795	21
GCACT	120	1.1267121	6.6663795	5
AACTG	210	1.1237767	7.5988708	30
TGACA	210	1.1237767	7.5988708	14
GGAAC	120	1.1220329	6.638695	11
CAAGG	120	1.1220329	6.638695	10
AGAGT	215	1.1208744	5.5522385	18
ATTTG	380	1.1091838	5.1810555	12
ACCTC	115	1.1083369	6.8427763	10
CAAGC	115	1.1037341	6.814358	4
GTGTT	220	1.0976689	5.313715	57
GCAGT	120	1.0976672	9.7417965	24
AGCAT	205	1.0970201	5.6991534	6
TACAG	205	1.09702	5.699153	12
CATAG	205	1.09702	5.699153	31
CAGTC	115	1.0797658	6.6663795	15
GCCAT	115	1.0797658	6.6663795	60
TGTTC	210	1.0754994	5.4543185	61
TCTTG	210	1.0754994	5.4543185	63
ATTGC	205	1.0731975	5.575392	13
AGGTT	210	1.071033	5.4316673	64
ACATG	200	1.0702635	5.699153	18
GCAAT	200	1.0702634	5.6991525	9
GAGGT	120	1.0693711	6.327112	5
AGGCC	65	1.0663719	11.648062	35
ATCCC	110	1.0601484	6.8427763	15
CCTGT	115	1.0563179	6.521615	68
GCAAC	110	1.0557457	6.814358	7
AGACC	110	1.0557457	6.814359	16
GAAAT	345	1.0522256	5.4136243	20
ATAGA	345	1.0522255	5.413624	24
GACTG	115	1.0519313	6.4945316	18
GTCTT	205	1.0498923	5.4543185	11
TCACT	195	1.0478587	5.722921	40
ATCTC	195	1.0478586	5.7229204	44
TGTTG	210	1.0477748	5.313715	60
GCTAT	200	1.047022	5.5753922	61
TGAGT	205	1.0455322	5.4316673	28
TACAC	190	1.0436541	5.8499556	8
CATCA	190	1.0436541	5.8499556	26
CATAC	190	1.0436541	5.8499556	1
AACCT	190	1.0436541	5.8499556	12
AAGTC	195	1.0435069	5.699153	15
ACTGA	195	1.0435069	5.6991525	69
GGTCC	65	1.043215	11.395118	51
ATGTT	355	1.0362111	5.1810555	67
GGTTC	115	1.0290877	6.3534975	27
GGCAA	110	1.0285302	6.6386952	6
TTTAA	600	1.024572	5.455846	3
TTCAC	190	1.0209905	5.7229204	2
AGCTT	195	1.0208465	7.4338565	5
CTATG	195	1.0208465	5.5753922	4
TCAGT	195	1.0208465	5.5753922	66
AACTC	185	1.0161896	7.7999406	18
GCTTC	110	1.010391	13.04323	50
TGTCC	110	1.010391	9.782422	30
GACAC	105	1.0077573	6.814359	37
CTAGG	110	1.0061951	9.741797	48
GGACT	110	1.006195	6.4945307	14
CTGAT	190	0.9946709	5.5753922	37
GTTCA	190	0.9946708	5.575392	28
TGTAG	195	0.9945307	5.4316673	41
GACAT	185	0.9899938	5.6991534	15
GCATA	185	0.98999375	5.699153	7
CAGAT	185	0.98999363	5.6991525	46
GTCAC	105	0.98587304	6.6663795	31
ACACC	100	0.98516476	6.99467	37
AAGGC	105	0.98177886	9.958043	68
GCAAG	105	0.9817787	9.958041	59
CGGGC	35	0.9815041	19.910511	24
CTTGT	190	0.97307104	5.454319	2
GATTC	185	0.96849525	5.575392	1
GATAG	185	0.9644732	5.552238	23
GTCCT	105	0.9644642	9.782422	31
CAATG	180	0.96323717	5.699153	29
AGCTA	180	0.96323717	5.699153	68
AGTCA	180	0.96323717	5.699153	38
GTGCA	105	0.9604588	6.4945307	17
GCTAG	105	0.9604588	6.4945307	28
GGGTT	110	0.95896983	9.284572	69
ATCTT	320	0.95876503	5.3181496	29
CAAAC	170	0.9545239	5.979811	16
AGTTG	185	0.94352907	5.4316673	41
GCTTG	105	0.9396018	6.3534975	1
TAGCC	100	0.93892676	6.6663795	22
GATCC	100	0.93892676	6.6663795	24
GAGTA	180	0.93840635	5.552238	38
GATGA	180	0.93840635	7.402984	2
TAGCA	175	0.9364806	7.5988708	71
TGTTA	320	0.9340494	6.2172666	44
GTCAG	100	0.9147227	6.4945307	1
GGTCA	100	0.9147227	6.4945307	48
AGTGC	100	0.9147227	6.4945307	10
GACCA	95	0.9117804	6.814359	37
GTTTG	180	0.8980927	5.313715	36
ATGAT	300	0.8951093	5.2960634	54
GCCTA	95	0.8919804	6.6663795	20
ATGTC	170	0.88996863	5.575392	6
CAACC	90	0.8866483	6.99467	11
TAAAG	290	0.88447946	5.413624	36
ATCAG	165	0.8829674	5.699153	27
CTTGC	95	0.8726105	6.5216155	46
GGCTA	95	0.86898655	6.4945307	19
CCCTA	90	0.86739415	6.8427763	49
CAGTA	160	0.8562108	5.699153	20
AATCC	155	0.85140204	5.8499556	14
TAGGG	95	0.8465854	6.3271117	25
TTGTC	165	0.84503525	7.2724247	20
GACCT	90	0.8450341	6.6663804	9
ACAAC	150	0.84222704	5.979811	16
GCACC	50	0.84199136	11.956278	22
GACCC	50	0.84199136	11.956278	6
TGGAT	165	0.8415259	5.4316673	50
GGCGC	30	0.84128934	9.955256	14
GGGGT	55	0.83779657	10.815192	35
CTTGA	160	0.83761764	5.5753922	2
CTGTA	160	0.8376175	5.575392	45
AACCC	85	0.83739007	6.99467	13
ATGAG	160	0.834139	5.552238	36
TCCTA	155	0.8329133	5.7229204	28
AGATC	155	0.8294542	5.699153	27
AGGTC	90	0.8232504	6.4945307	29
CACGG	50	0.8202861	11.648063	20
GGCGG	30	0.8196022	9.698626	4
GGGCG	30	0.8196021	19.39725	13
CTACC	85	0.8192057	10.264165	7
GTTGA	160	0.81602514	7.242223	66
ATTGG	160	0.81602514	5.4316673	59
GTCAT	155	0.8114421	5.5753922	22
CTAGT	155	0.8114421	5.5753922	24
GTTGC	90	0.80537295	9.530247	51
GGGTA	90	0.80202824	6.3271117	4
GTTGT	160	0.7983046	5.313715	37
TACCA	145	0.7964729	5.8499556	8
GGATA	150	0.7820053	5.552238	46
GTAGC	85	0.7775143	6.4945307	64
ACCAG	80	0.76781505	6.814358	54
ACAAG	140	0.7658146	5.8256607	56
TAGCT	145	0.75909096	5.5753922	67
GTAAG	145	0.7559385	7.402984	33
TCTAC	140	0.7523087	5.7229204	15
ACCTT	140	0.7523087	5.7229204	6
GTCAA	140	0.7491844	5.699153	52
ACTAG	140	0.7491844	5.699153	6
CCAAC	75	0.7388736	6.99467	24
CTTAG	140	0.7329154	5.5753922	12
TTGAC	140	0.73291534	5.575392	61
CACTA	130	0.71407914	5.8499556	41
CCTAA	130	0.71407914	5.8499556	1
GGTAG	80	0.712914	6.3271117	54
GACAA	130	0.7111136	5.8256607	35
GCATC	75	0.704195	6.6663795	69
GTCCA	75	0.704195	9.99957	39
TGACC	75	0.704195	9.99957	36
TGGCG	45	0.70360786	11.101369	36
GGGTC	45	0.7036078	5.550684	11
ACCCC	40	0.69141674	6.1363235	3
CTAAC	125	0.68661463	5.849956	71
GCGGG	25	0.6830017	9.698625	9
ACCAA	120	0.6737815	5.9798107	54
TACTC	125	0.67170423	5.7229204	61
ATAGC	125	0.6689147	7.5988708	70
AGGGT	75	0.6683569	6.327112	18
GATTG	130	0.66302043	9.052778	69
CTAGC	70	0.6572488	6.6663804	26
AGTCC	70	0.65724874	6.6663795	26
CGGCA	40	0.65622884	5.824031	7
ATAGG	125	0.6516711	7.402984	33
TACCT	120	0.64483607	5.7229204	40
ATGAC	120	0.6421581	5.699153	35
CTCGG	40	0.64197844	11.395118	3
GCGCT	40	0.6419784	5.6975584	3
GACTT	120	0.6282132	5.5753922	16
GTGTC	70	0.6264012	6.3534975	3
AGGTA	120	0.6256042	5.552238	28
CAATC	110	0.6042208	5.8499556	32
GGTAC	65	0.59456974	6.4945307	31
CCTAT	110	0.59109974	5.7229204	55
CCCCG	20	0.5909335	10.48907	2
ACGGC	35	0.5742002	5.824031	13
GGTGT	65	0.56666404	6.189715	14
CCGGG	20	0.5608595	9.9552555	11
TAGGC	60	0.5488336	6.4945307	61
GCTAA	100	0.53513175	5.699153	48
CCGCA	30	0.5051948	5.9781384	1
CCTCG	30	0.4942242	11.696639	5
CCGTC	30	0.49422413	5.848319	4
GCACG	30	0.49217167	5.8240314	17
CGGTC	30	0.48148385	5.697559	5
GAACC	50	0.47988445	6.814359	45
CGAGG	30	0.4794842	5.673897	3
GGACG	30	0.4794842	5.673897	6
ACGGG	30	0.4794842	5.673897	21
CGTGG	30	0.4690719	5.5506845	16
CCCGC	15	0.44320017	10.489071	18
CGCCC	15	0.4432001	10.489069	28
CGACA	45	0.43189594	6.814358	21
GCGCC	15	0.43177512	10.2186775	4
CCACG	25	0.42099565	5.9781384	6
CGAAG	45	0.4207623	6.638694	1
GGCCG	15	0.42064467	9.955256	5
GCCGG	15	0.4206446	9.9552555	10
GCGCG	15	0.4206446	9.9552555	23
AGCGC	25	0.41014305	5.8240314	2
CGGAC	25	0.41014302	5.824031	7
CGCGT	25	0.4012365	5.6975584	21
AGCGG	25	0.3995702	5.6738973	25
AGGCG	25	0.39957017	5.673897	3
ACGCT	40	0.37557068	6.6663795	62
CGCTT	40	0.36741492	6.521615	17
TCGGT	40	0.35794356	6.3534985	69
CACGC	20	0.33679655	5.978139	13
CGCCA	20	0.33679652	5.9781384	5
CGCAC	20	0.33679652	5.9781384	14
TCCCG	20	0.32948282	5.84832	26
CGTCC	20	0.3294828	5.8483195	5
CGCTC	20	0.32948276	5.848319	10
CGAGC	20	0.32811442	5.824031	3
CCGAG	20	0.32811442	5.824031	2
TGCGC	20	0.32098922	5.697559	3
CGGCT	20	0.3209892	5.6975584	5
CGCTG	20	0.3209892	5.6975584	42
GGCGA	20	0.31965616	5.6738973	19
CGGGA	20	0.31965613	5.673897	22
GCGGA	20	0.31965613	5.673897	5
GAGCG	20	0.31965613	5.673897	1
GGCGT	20	0.31271464	5.550685	10
CGGGT	20	0.3127146	5.5506845	38
GCGTG	20	0.3127146	5.5506845	15
CCGCC	10	0.29546675	10.489069	30
CGCGC	10	0.28785008	10.2186775	24
CCCGG	10	0.28785008	10.218678	16
CGGCC	10	0.28785008	10.2186775	1
CCGGC	10	0.28785008	10.2186775	31
GCCGC	10	0.28785008	10.2186775	9
GTACC	30	0.28167802	6.6663795	21
GAACG	30	0.28050825	6.6386952	12
GCGGC	10	0.28042975	9.9552555	48
ACCGC	15	0.25259742	5.978139	11
CTCCG	15	0.24711211	5.84832	34
CCCGT	15	0.24711211	5.84832	2
GACGC	15	0.24608584	5.8240314	9
CAGCG	15	0.24608584	5.8240314	16
AGCCG	15	0.24608584	5.8240314	9
CGCAG	15	0.24608581	5.824031	11
GCGCA	15	0.24608581	5.824031	15
CGTGC	15	0.24074192	5.697559	19
TCGCG	15	0.24074192	5.697559	20
GCTCG	15	0.24074192	5.697559	2
CCGTG	15	0.24074191	5.6975584	3
GACGG	15	0.23974212	5.6738973	32
CGGAG	15	0.2397421	5.673897	6
GCGAG	15	0.2397421	5.673897	3
CTCGA	25	0.2347317	6.6663804	16
ACCGT	25	0.23473169	6.6663795	24
CGGTG	15	0.23453595	5.5506845	15
GTGCG	15	0.23453595	5.5506845	21
TGCGG	15	0.23453595	5.5506845	8
CACGA	20	0.19195376	6.814358	33
CGTTG	20	0.17897177	6.3534975	54
CGACC	10	0.16839828	5.978139	8
CCCGA	10	0.16839828	5.978139	27
ACGCC	10	0.16839828	5.978139	14
CACCG	10	0.16839826	5.9781384	10
ACCCG	10	0.16839826	5.9781384	17
TCCGC	10	0.16474141	5.84832	52
CCGCT	10	0.16474138	5.848319	16
GACCG	10	0.16405722	5.8240314	39
ACCGG	10	0.16405722	5.8240314	30
GCCGA	10	0.16405721	5.824031	1
GCGAC	10	0.16405721	5.824031	20
TCGGC	10	0.16049461	5.697559	4
CTGCG	10	0.16049461	5.697559	7
TGCCG	10	0.16049461	5.697559	57
GCCGT	10	0.1604946	5.6975584	6
GCGGT	10	0.1563573	5.5506845	14
CCGCG	5	0.14392504	10.2186775	53
GCCCG	5	0.14392504	10.2186775	1
CGGGG	5	0.13660035	9.698625	34
CCGAC	5	0.08419913	5.9781384	28
CTCGC	5	0.082370706	5.84832	8
TCGCC	5	0.0823707	5.8483195	60
CGCCT	5	0.08237069	5.848319	31
TCCGG	5	0.080247305	5.697559	71
GTCCG	5	0.080247305	5.697559	17
GCGTC	5	0.080247305	5.697559	11
CCGGT	5	0.0802473	5.6975584	17
TCGGG	5	0.07817865	5.5506845	61
GTCGG	5	0.07817865	5.5506845	5
GGTCG	5	0.07817865	5.5506845	71
