Base	G	A	T	C
1	18.75037968531681	27.7747402952433	26.116274831419716	27.358605188020167
2	24.9195067128364	29.007958204240325	25.016706153939616	21.055828928983658
3	22.696069497600387	26.514185043436	26.38964825952251	24.400097199441102
4	22.711256910272766	24.943806573112205	27.325192880140943	25.01974363647409
5	24.392466585662213	24.79647630619684	28.07108140947752	22.739975698663425
6	24.08419901585566	24.84053216694004	25.906688536540916	25.168580280663388
7	25.446537059538276	25.501215066828674	26.03584447144593	23.016403402187123
8	24.001215251405135	25.19216162843688	26.629196415008355	24.177426705149628
9	23.64879234391615	24.672641652741913	26.72034027039344	24.958225732948502
10	24.266358831034694	25.74579257549061	25.59086214229297	24.396986451181725
11	24.455448552419725	24.977974906583224	26.34808761430264	24.218488926694413
12	24.111536358665937	25.214142518680514	26.113237348885242	24.5610837737683
13	24.240490946652084	25.215700571150805	26.38838254951999	24.15542593267712
14	24.516266213055495	25.78901005437259	26.083654809999697	23.61106892257222
15	23.853211009174313	25.909836563582232	26.210583875083543	24.026368552159912
16	23.669501822600242	25.61057108140948	26.24544349939247	24.474483596597814
17	24.407654921020654	25.552855407047385	26.306196840826246	23.73329283110571
18	24.418322094647955	25.147317902922055	26.12234979648867	24.312010205941313
19	24.20476986176515	25.96384627069725	25.684338447516332	24.147045420021268
20	24.556392805055907	25.358531842489064	26.3065143412737	23.77856101118133
21	24.33458920758386	25.100267379679142	25.95102090422946	24.614122508507535
22	23.6366398298648	25.523317636336017	26.319307306699073	24.520735227100108
23	24.471317452600875	24.9726543509966	26.385512882839084	24.170515313563442
24	24.620153154248207	24.95137960374377	26.027105870912848	24.401361371095174
25	24.436546989854808	25.04708097928437	25.76088937488609	24.755482655974728
26	23.894612088613364	25.7088157534871	25.97015832497645	24.426413832923085
27	24.453020542117418	25.337303999027593	25.598638628904823	24.611036829950166
28	24.293613659840794	25.356990946101966	25.715501002612868	24.633894391444368
29	24.108390546205722	25.575672884136342	25.718451910808675	24.59748465884926
30	23.8698505286183	25.501275975209627	25.95698140721837	24.6718920889537
31	24.296737347347953	24.785831459991496	25.909836563582232	25.007594629078316
32	24.316524908869987	25.300729040097202	25.850546780072904	24.532199270959904
33	24.158566221142163	25.103280680437422	25.987241798298903	24.750911300121505
34	24.299860275803415	25.19591762347366	25.985663082437277	24.518559018285647
35	24.551116512228468	25.23469542761659	25.705605347106182	24.508582713048764
36	24.472932741964883	24.9134212285072	26.098183364724463	24.51546266480345
37	24.200996475877993	24.93012516709199	26.06027463847369	24.808603718556324
38	24.492709599027947	25.14580801944107	25.95686512758202	24.404617253948967
39	24.561030439273345	25.123032991068715	25.56655932924236	24.74937724041558
40	23.885176184690156	25.42831105710814	25.823207776427704	24.863304981773997
41	25.095692326386782	24.79494501488547	25.836928124430404	24.272434534297343
42	24.851154313487243	24.94228432563791	25.35236938031592	24.85419198055893
43	24.09100574101637	25.39412533033626	25.667507062361413	24.847361866285958
44	24.589914945321993	25.34629404617254	25.871810449574728	24.19198055893074
45	24.746370208371303	25.259704756697648	25.56952797521414	24.424397059716906
46	24.608140947752126	24.869380315917375	26.044957472660997	24.4775212636695
47	24.28311057108141	25.03037667071689	25.880923450789794	24.805589307411907
48	24.56865127582017	24.993924665856625	25.580194410692584	24.857229647630618
49	24.811664641555286	25.13061968408262	25.680437424058322	24.377278250303767
50	24.26948545045866	25.068343357025697	25.845938885851403	24.816232306664237
51	24.28467286313104	25.393353988214567	25.615090213231273	24.70688293542312
